scientific_name,common_name_fr,common_name_en,template,family,crown,cheek,throat,breast,belly,back,wing,wing_bar,tail,beak,legs,eye,source_url,source_title,source_author,source_license,source_plate,plumage,review_status
Gallus gallus,Coq bankiva,Red Junglefowl,phasianidae,Phasianidae,#C5A044,#B84037,#C5A044,#272B31,#272B31,#9C4839,#953E35,#37434A,#283E38,#677F91,#B19953,#17212C,https://archive.org/details/gallinaceousbird00jardrich/page/n8/mode/1up,Gallinaceous Birds (19th-century Henry G. Bohn reprint; catalog circa 1845),William Jardine; William Home Lizars (engraver),Public domain (19th-century original),Vignette title page; Bankiva Cock,adult male; Bankiva Cock,draft
Phalacrocorax carbo,Grand Cormoran,Great Cormorant,phalacrocoracidae,Phalacrocoracidae,#292F2F,#F5F3E9,#C4AD56,#292F2F,#292F2F,#594F41,#564D41,#292F2F,#292F2F,#8C9B90,#272B31,#17212C,https://www-archiv.fdm.uni-hamburg.de/b-online/birds/1615_62.htm,Naturgeschichte der Voegel Mitteleuropas (1897-1905),Naumann collection; Carl R. Hennicke (editor),Public domain (historical original; Hamburg b-online PUBLIC DOMAIN archive),"Volume XI, plate 5",adult breeding,draft
Chroicocephalus ridibundus,Mouette rieuse,Black-headed Gull,laridae,Laridae,#523D31,#523D31,#523D31,#F5F3E9,#F5F3E9,#ACB7BC,#8898A4,#F5F3E9,#F5F3E9,#A94735,#A94735,#17212C,https://www.gutenberg.org/cache/epub/56397/pg56397-images.html#fig90,Birds of Britain (1907),J. Lewis Bonhote; plates selected by H. E. Dresser from Birds of Europe,Public domain (1907 original; Project Gutenberg),Plate 90,adult summer,draft
Larus michahellis,Goéland leucophée,Yellow-legged Gull,laridae,Laridae,#F5F3E9,#F5F3E9,#F5F3E9,#F5F3E9,#F5F3E9,#83949B,#83949B,#272B31,#F5F3E9,#E4BF3D,#D9AD38,#17212C,https://archive.org/details/historyofbirdsof18dres/page/n531/mode/1up,"A History of the Birds of Europe, volume VIII (1871-1881)",H. E. Dresser; J. G. Keulemans (illustrator),Public domain (19th-century original),Plate 602; foreground Larus leucophaeus,adult; foreground yellow-legged bird; historical Larus leucophaeus,draft
Larus fuscus,Goéland brun,Lesser Black-backed Gull,laridae,Laridae,#F5F3E9,#F5F3E9,#F5F3E9,#F5F3E9,#F5F3E9,#414B52,#414B52,#272B31,#F5F3E9,#D8B843,#D5AD3B,#17212C,https://www-archiv.fdm.uni-hamburg.de/b-online/birds/1615_81.htm,Naturgeschichte der Voegel Mitteleuropas (1897-1905),Naumann collection; Carl R. Hennicke (editor),Public domain (historical original; Hamburg b-online PUBLIC DOMAIN archive),"Volume XI, plate 24",adult; upper bird on shared plate,draft
Ardea cinerea,Héron cendré,Grey Heron,ardeidae,Ardeidae,#F5F3E9,#F5F3E9,#F5F3E9,#DFE2DE,#DFE2DE,#A4B0B7,#8C9CA9,#8C9CA9,#A4B0B7,#D6B36A,#8E8063,#17212C,https://www-archiv.fdm.uni-hamburg.de/b-online/birds/1617_38.htm,Naturgeschichte der Voegel Mitteleuropas (1897-1905),Naumann collection; Carl R. Hennicke (editor),Public domain (historical original; Hamburg b-online PUBLIC DOMAIN archive),"Volume VI, plate 20",adult,draft
Sturnus vulgaris,Étourneau sansonnet,Common Starling,sturnidae,Sturnidae,#344749,#344749,#344749,#44484D,#353E3C,#353E3C,#4E493D,#CEC5A5,#353E3C,#D8B844,#A67A65,#17212C,https://www.gutenberg.org/cache/epub/56397/pg56397-images.html#fig46,Birds of Britain (1907),J. Lewis Bonhote; plates selected by H. E. Dresser from Birds of Europe,Public domain (1907 original; Project Gutenberg),Plate 46,adult spotted plumage,draft
Erithacus rubecula,Rougegorge familier,European Robin,muscicapidae,Muscicapidae,#8A7152,#EC7A3C,#EC7A3C,#EC7A3C,#F1EBDF,#8A7152,#6B5847,#C9A36E,#6B5847,#5E4E40,#796852,#13233A,https://www.gutenberg.org/cache/epub/56397/pg56397-images.html#fig9,Birds of Britain (1907),J. Lewis Bonhote; plates selected by H. E. Dresser from Birds of Europe,Public domain (1907 original; Project Gutenberg),Plate 9,adult,draft
Phylloscopus collybita,Pouillot véloce,Common Chiffchaff,phylloscopidae,Phylloscopidae,#8C9160,#8C9160,#E8E4C2,#E8E4C2,#E8E4C2,#8C9160,#6E7249,#A6AA73,#6E7249,#6A6A50,#34342A,#13233A,https://www.gutenberg.org/cache/epub/56397/pg56397-images.html#fig16,Birds of Britain (1907),J. Lewis Bonhote; plates selected by H. E. Dresser from Birds of Europe,Public domain (1907 original; Project Gutenberg),Plate 16,adult,draft
Motacilla alba,Bergeronnette grise,White Wagtail,motacillidae,Motacillidae,#272B31,#F5F3E9,#272B31,#272B31,#F5F3E9,#8C9398,#41464A,#F5F3E9,#272B31,#272B31,#272B31,#17212C,https://www-archiv.fdm.uni-hamburg.de/b-online/birds/2181_64.htm,Naturgeschichte der Voegel Mitteleuropas (1897-1905),Naumann collection; Carl R. Hennicke (editor),Public domain (historical original; Hamburg b-online PUBLIC DOMAIN archive),"Volume III, plate 9",adult male,draft
Phoenicurus ochruros,Rougequeue noir,Black Redstart,muscicapidae,Muscicapidae,#60676C,#45494B,#45494B,#45494B,#73797B,#60676C,#353A3E,#DEDFD7,#BF713F,#272B31,#272B31,#17212C,https://www-archiv.fdm.uni-hamburg.de/b-online/birds/2181_03.htm,Naturgeschichte der Voegel Mitteleuropas (1897-1905),Naumann collection; Carl R. Hennicke (editor),Public domain (historical original; Hamburg b-online PUBLIC DOMAIN archive),"Volume I, plate 6",adult male,draft
Turdus philomelos,Grive musicienne,Song Thrush,muscicapidae,Turdidae,#8F7658,#C7B390,#E7DDC2,#D8C4A0,#EEE8D6,#8F7658,#7C684F,#AC9470,#776047,#82734E,#796852,#17212C,https://www.gutenberg.org/cache/epub/56397/pg56397-images.html#fig2,Birds of Britain (1907),J. Lewis Bonhote; plates selected by H. E. Dresser from Birds of Europe,Public domain (1907 original; Project Gutenberg),Plate 2,adult,draft
Fringilla coelebs,Pinson des arbres,Eurasian Chaffinch,fringillidae,Fringillidae,#7F93AE,#DD8C6E,#DD8C6E,#DD8C6E,#F1E4D8,#93644A,#23262D,#F6F5EF,#434953,#9DB0C6,#796852,#13233A,https://www.gutenberg.org/cache/epub/56397/pg56397-images.html#fig38,Birds of Britain (1907),J. Lewis Bonhote; plates selected by H. E. Dresser from Birds of Europe,Public domain (1907 original; Project Gutenberg),Plate 38,adult male,draft
Alauda arvensis,Alouette des champs,Eurasian Skylark,alaudidae,Alaudidae,#9C8864,#BBA883,#DDD1AF,#D3C19C,#E9DFC8,#9C8864,#806B4E,#C8B28B,#7B6951,#8B7853,#796852,#17212C,https://www.gutenberg.org/cache/epub/56397/pg56397-images.html#fig51,Birds of Britain (1907),J. Lewis Bonhote; plates selected by H. E. Dresser from Birds of Europe,Public domain (1907 original; Project Gutenberg),Plate 51,adult,draft
Coloeus monedula,Choucas des tours,Western Jackdaw,corvidae,Corvidae,#393F42,#8E9290,#393F42,#393F42,#393F42,#525B5E,#414B4F,#393F42,#414B4F,#272B31,#272B31,#17212C,https://www.gutenberg.org/cache/epub/56397/pg56397-images.html#fig49,Birds of Britain (1907),J. Lewis Bonhote; plates selected by H. E. Dresser from Birds of Europe,Public domain (1907 original; Project Gutenberg),Plate 49,adult,draft
Sylvia atricapilla,Fauvette à tête noire,Eurasian Blackcap,sylviidae,Sylviidae,#272B31,#B8BAAE,#D2D3C8,#C5C6BA,#E1E0D1,#A0A094,#85877C,#A0A094,#797D74,#4B504C,#796852,#17212C,https://www.gutenberg.org/cache/epub/56397/pg56397-images.html#fig13,Birds of Britain (1907),J. Lewis Bonhote; plates selected by H. E. Dresser from Birds of Europe,Public domain (1907 original; Project Gutenberg),Plate 13,adult male,draft
Falco tinnunculus,Faucon crécerelle,Common Kestrel,falconidae,Falconidae,#8D9AAB,#A9AEAF,#E2D6BA,#D6C39E,#E2D5B7,#B77952,#755E4E,#755E4E,#8D9AAB,#7F8782,#D6B542,#17212C,https://www.gutenberg.org/cache/epub/56397/pg56397-images.html#fig62,Birds of Britain (1907),J. Lewis Bonhote; plates selected by H. E. Dresser from Birds of Europe,Public domain (1907 original; Project Gutenberg),Plate 62,adult male,draft
Anas platyrhynchos,Canard colvert,Mallard,anatidae,Anatidae,#325948,#325948,#325948,#765145,#BDBDB3,#8E8977,#8C8C84,#53689A,#343B3C,#C1B348,#CF8E46,#17212C,https://www.gutenberg.org/cache/epub/56397/pg56397-images.html#fig66,Birds of Britain (1907),J. Lewis Bonhote; plates selected by H. E. Dresser from Birds of Europe,Public domain (1907 original; Project Gutenberg),Plate 66,adult male,draft
Columba livia,Pigeon biset,Rock Dove,columbidae,Columbidae,#919BA7,#919BA7,#5C7C75,#8F8C9D,#919BA7,#919BA7,#83919F,#343D48,#5E6A77,#565C60,#B27678,#17212C,https://www-archiv.fdm.uni-hamburg.de/b-online/birds/1617_19.htm,Naturgeschichte der Voegel Mitteleuropas (1897-1905),Naumann collection; Carl R. Hennicke (editor),Public domain (historical original; Hamburg b-online PUBLIC DOMAIN archive),"Volume VI, plate 1",adult wild-type; domestic forms vary,draft
Turdus merula,Merle noir,Common Blackbird,muscicapidae,Turdidae,#2A2E36,#2A2E36,#2A2E36,#2A2E36,#2A2E36,#2A2E36,#3A404A,#4E5663,#3A404A,#F6B12A,#4A515C,#0A0C10,https://www.gutenberg.org/cache/epub/56397/pg56397-images.html#fig4,Birds of Britain (1907),J. Lewis Bonhote; plates selected by H. E. Dresser from Birds of Europe,Public domain (1907 original; Project Gutenberg),Plate 4,adult male,draft
Columba palumbus,Pigeon ramier,Common Wood Pigeon,columbidae,Columbidae,#87949C,#98A3AA,#C6CCC8,#B69CA6,#C1C3C1,#87949C,#7A8994,#F5F3E9,#667583,#D7AB72,#BC7778,#17212C,https://www-archiv.fdm.uni-hamburg.de/b-online/birds/1617_20.htm,Naturgeschichte der Voegel Mitteleuropas (1897-1905),Naumann collection; Carl R. Hennicke (editor),Public domain (historical original; Hamburg b-online PUBLIC DOMAIN archive),"Volume VI, plate 2",adult,draft
Streptopelia decaocto,Tourterelle turque,Eurasian Collared Dove,columbidae,Columbidae,#B8B0A1,#CFC2B0,#DED4C5,#D5BEB1,#BABDB5,#A98F69,#96A0A0,#B0B8B3,#9BABA7,#77645D,#AA5158,#17212C,https://archive.org/details/Aves00Shar/page/n206/mode/1up,Scientific Results of the Second Yarkand Mission: Aves (1891),R. Bowdler Sharpe; J. G. Keulemans (illustrator),Public domain (1891 original; BHL No Known Copyright Issues),Plate XIV; Turtur stoliczkae,adult male; historical Turkestan specimen Turtur stoliczkae,draft
Egretta garzetta,Aigrette garzette,Little Egret,ardeidae,Ardeidae,#F5F3E9,#F5F3E9,#F5F3E9,#F5F3E9,#F5F3E9,#F5F3E9,#E4E9E1,#F5F3E9,#F5F3E9,#303E3C,#384F40,#17212C,https://www-archiv.fdm.uni-hamburg.de/b-online/birds/1617_41.htm,Naturgeschichte der Voegel Mitteleuropas (1897-1905),Naumann collection; Carl R. Hennicke (editor),Public domain (historical original; Hamburg b-online PUBLIC DOMAIN archive),"Volume VI, plate 23",adult breeding,draft
Falco peregrinus,Faucon pèlerin,Peregrine Falcon,falconidae,Falconidae,#34424A,#C5C7BF,#E9E6D5,#E1DAC1,#D9CDAE,#64747E,#54646E,#64747E,#54646E,#647579,#D4AF43,#17212C,https://www.gutenberg.org/cache/epub/56397/pg56397-images.html#fig61,Birds of Britain (1907),J. Lewis Bonhote; plates selected by H. E. Dresser from Birds of Europe,Public domain (1907 original; Project Gutenberg),Plate 61,adult,draft
Hirundo rustica,Hirondelle rustique,Barn Swallow,hirundinidae,Hirundinidae,#30475A,#394C5B,#AA624A,#293C4D,#E6D9BC,#30475A,#354656,#30475A,#354656,#353B3B,#645649,#17212C,https://www-archiv.fdm.uni-hamburg.de/b-online/birds/2180_21.htm,Naturgeschichte der Voegel Mitteleuropas (1897-1905),Naumann collection; Carl R. Hennicke (editor),Public domain (historical original; Hamburg b-online PUBLIC DOMAIN archive),"Volume IV, plate 23",adult,draft
Anthus pratensis,Pipit farlouse,Meadow Pipit,motacillidae,Motacillidae,#8D805E,#B0A584,#DFD8B6,#D9CFAB,#E6DDC0,#8D805E,#776D51,#C4B998,#74684F,#7E7855,#796852,#17212C,https://www.gutenberg.org/cache/epub/56397/pg56397-images.html#fig30,Birds of Britain (1907),J. Lewis Bonhote; plates selected by H. E. Dresser from Birds of Europe,Public domain (1907 original; Project Gutenberg),Plate 30,adult,draft
Accipiter nisus,Épervier d'Europe,Eurasian Sparrowhawk,accipitridae,Accipitridae,#72808A,#AB9A7E,#D4CFC0,#B99A77,#D8C4A3,#72808A,#5C6B75,#72808A,#667782,#59686A,#CDB34D,#17212C,https://www-archiv.fdm.uni-hamburg.de/b-online/birds/1617_03.htm,Naturgeschichte der Voegel Mitteleuropas (1897-1905),Naumann collection; Carl R. Hennicke (editor),Public domain (historical original; Hamburg b-online PUBLIC DOMAIN archive),"Volume V, plate 51",adult male,draft
Carduelis carduelis,Chardonneret élégant,European Goldfinch,fringillidae,Fringillidae,#272B31,#BD493B,#D4C6A3,#DBCFAF,#F0EBDD,#BD9E6D,#272B31,#E5C840,#272B31,#D5C7A5,#A89479,#17212C,https://www.gutenberg.org/cache/epub/56397/pg56397-images.html#fig36,Birds of Britain (1907),J. Lewis Bonhote; plates selected by H. E. Dresser from Birds of Europe,Public domain (1907 original; Project Gutenberg),Plate 36,adult male,draft
Linaria cannabina,Linotte mélodieuse,Common Linnet,fringillidae,Fringillidae,#B97560,#A19A89,#DACCB0,#BE7E67,#E3D6BE,#9D7756,#6E5F4B,#D7D2BE,#5E5A50,#8A8F89,#796852,#17212C,https://www.gutenberg.org/cache/epub/56397/pg56397-images.html#fig39,Birds of Britain (1907),J. Lewis Bonhote; plates selected by H. E. Dresser from Birds of Europe,Public domain (1907 original; Project Gutenberg),Plate 39,adult male,draft
Troglodytes troglodytes,Troglodyte mignon,Eurasian Wren,troglodytidae,Troglodytidae,#9A6A43,#D2AE84,#D2AE84,#D2AE84,#D2AE84,#9A6A43,#6A4630,#C69A6A,#6A4630,#6E5745,#796852,#13233A,https://www.gutenberg.org/cache/epub/56397/pg56397-images.html#fig25,Birds of Britain (1907),J. Lewis Bonhote; plates selected by H. E. Dresser from Birds of Europe,Public domain (1907 original; Project Gutenberg),Plate 25,adult,draft
Pica pica,Pie bavarde,Eurasian Magpie,corvidae,Corvidae,#1F242C,#1F242C,#1F242C,#1F242C,#F5F5F0,#1F242C,#3A6FC0,#F5F5F0,#2A9486,#56606E,#1F242C,#05080C,https://www.gutenberg.org/cache/epub/56397/pg56397-images.html#fig48,Birds of Britain (1907),J. Lewis Bonhote; plates selected by H. E. Dresser from Birds of Europe,Public domain (1907 original; Project Gutenberg),Plate 48,adult,draft
Buteo buteo,Buse variable,Common Buzzard,accipitridae,Accipitridae,#775F47,#9B8566,#D5C5A2,#8D7252,#D1BD93,#775F47,#5D4F3C,#775F47,#877657,#65706A,#D4B149,#17212C,https://www-archiv.fdm.uni-hamburg.de/b-online/birds/2180_86.htm,Naturgeschichte der Voegel Mitteleuropas (1897-1905),Naumann collection; Carl R. Hennicke (editor),Public domain (historical original; Hamburg b-online PUBLIC DOMAIN archive),"Volume V, plate 34",adult brown morph,draft
Chloris chloris,Verdier d'Europe,European Greenfinch,fringillidae,Fringillidae,#89925E,#A1A373,#B2B77C,#ABB476,#C7C987,#89925E,#737D60,#CFCC54,#7A8665,#C8B9A0,#796852,#17212C,https://www.gutenberg.org/cache/epub/56397/pg56397-images.html#fig35,Birds of Britain (1907),J. Lewis Bonhote; plates selected by H. E. Dresser from Birds of Europe,Public domain (1907 original; Project Gutenberg),Plate 35,adult male,draft
Regulus regulus,Roitelet huppé,Goldcrest,regulidae,Regulidae,#DFB43D,#B0B6A0,#D7D8BA,#CFD2AF,#DFDDC1,#8F9A60,#65745B,#D8DBC6,#6E7E56,#4B5142,#796852,#17212C,https://www.gutenberg.org/cache/epub/56397/pg56397-images.html#fig15,Birds of Britain (1907),J. Lewis Bonhote; plates selected by H. E. Dresser from Birds of Europe,Public domain (1907 original; Project Gutenberg),Plate 15,adult male,draft
Motacilla cinerea,Bergeronnette des ruisseaux,Grey Wagtail,motacillidae,Motacillidae,#929DA5,#9CA3A3,#272B31,#DBCD5A,#E0D15C,#929DA5,#4A5560,#DEE1D4,#4A535A,#434B4B,#796852,#17212C,https://www.gutenberg.org/cache/epub/56397/pg56397-images.html#fig28,Birds of Britain (1907),J. Lewis Bonhote; plates selected by H. E. Dresser from Birds of Europe,Public domain (1907 original; Project Gutenberg),Plate 28,adult male breeding,draft
Actitis hypoleucos,Chevalier guignette,Common Sandpiper,scolopacidae,Scolopacidae,#857E67,#B6B19A,#E0DDC9,#C6C3AE,#F5F3E9,#857E67,#756C55,#C2BA9B,#7F735B,#69705C,#95956A,#17212C,https://www-archiv.fdm.uni-hamburg.de/b-online/birds/1617_95.htm,Naturgeschichte der Voegel Mitteleuropas (1897-1905),Naumann collection; Carl R. Hennicke (editor),Public domain (historical original; Hamburg b-online PUBLIC DOMAIN archive),"Volume IX, plate 1",adult,draft
Parus major,Mésange charbonnière,Great Tit,paridae,Paridae,#1C2129,#F6F7F2,#1C2129,#F2CD48,#F2CD48,#8FA35A,#6F8AA6,#F6F7F2,#5B7390,#56606E,#796852,#05080C,https://www.gutenberg.org/cache/epub/56397/pg56397-images.html#fig22,Birds of Britain (1907),J. Lewis Bonhote; plates selected by H. E. Dresser from Birds of Europe,Public domain (1907 original; Project Gutenberg),Plate 22,adult,draft
Gallinula chloropus,Gallinule poule-d'eau,Common Moorhen,rallidae,Rallidae,#4E5351,#535C58,#4F5451,#4F5451,#767D70,#675D49,#655D4E,#F5F3E9,#514D3C,#C74939,#A7A35D,#17212C,https://www.gutenberg.org/cache/epub/56397/pg56397-images.html#fig78,Birds of Britain (1907),J. Lewis Bonhote; plates selected by H. E. Dresser from Birds of Europe,Public domain (1907 original; Project Gutenberg),Plate 78,adult,draft
Saxicola rubicola,Tarier pâtre,European Stonechat,muscicapidae,Muscicapidae,#343D3D,#343D3D,#343D3D,#BC794C,#D5C4A1,#343D3D,#4D5048,#EEEADF,#424942,#272B31,#272B31,#17212C,https://www.gutenberg.org/cache/epub/56397/pg56397-images.html#fig7,Birds of Britain (1907),J. Lewis Bonhote; plates selected by H. E. Dresser from Birds of Europe,Public domain (1907 original; Project Gutenberg),Plate 7,adult male,draft
Passer domesticus,Moineau domestique,House Sparrow,passeridae,Passeridae,#8E97A0,#E4E2DA,#1E2126,#C9C3B6,#C9C3B6,#A87646,#6E4C30,#F3F1EA,#6E4C30,#56606E,#796852,#13233A,https://www-archiv.fdm.uni-hamburg.de/b-online/birds/2181_97.htm,Naturgeschichte der Voegel Mitteleuropas (1897-1905),Naumann collection; Carl R. Hennicke (editor),Public domain (historical original; Hamburg b-online PUBLIC DOMAIN archive),"Volume III, plate 42",adult male,draft
Cyanistes caeruleus,Mésange bleue,Eurasian Blue Tit,paridae,Paridae,#3B8FDB,#F6F7F2,#1D3570,#F2CF4A,#F2CF4A,#A5B866,#3B8FDB,#F6F7F2,#2F74C0,#56606E,#796852,#0E1626,https://www-archiv.fdm.uni-hamburg.de/b-online/birds/2181_48.htm,Naturgeschichte der Voegel Mitteleuropas (1897-1905),Naumann collection; Carl R. Hennicke (editor),Public domain (historical original; Hamburg b-online PUBLIC DOMAIN archive),"Volume II, plate 18",adult,draft
Vanellus vanellus,Vanneau huppé,Northern Lapwing,charadriidae,Charadriidae,#283D3B,#F5F3E9,#272B31,#272B31,#F5F3E9,#3A5551,#3C535C,#3C535C,#272B31,#404A43,#A4916C,#17212C,https://www.gutenberg.org/cache/epub/56397/pg56397-images.html#fig82,Birds of Britain (1907),J. Lewis Bonhote; plates selected by H. E. Dresser from Birds of Europe,Public domain (1907 original; Project Gutenberg),Plate 82,adult breeding,draft
Podiceps cristatus,Grèbe huppé,Great Crested Grebe,podicipedidae,Podicipedidae,#383E38,#B67541,#F5F3E9,#F5F3E9,#F5F3E9,#706C5C,#827A64,#C6BEA7,#6F6A58,#BE9D7C,#837C5F,#17212C,https://www.gutenberg.org/cache/epub/56397/pg56397-images.html#fig99,Birds of Britain (1907),J. Lewis Bonhote; plates selected by H. E. Dresser from Birds of Europe,Public domain (1907 original; Project Gutenberg),Plate 99,adult breeding,draft
Corvus corax,Grand Corbeau,Northern Raven,corvidae,Corvidae,#303E46,#303E46,#303E46,#303E46,#303E46,#303E46,#283840,#303E46,#283840,#30383B,#30383B,#17212C,https://www-archiv.fdm.uni-hamburg.de/b-online/birds/2180_09.htm,Naturgeschichte der Voegel Mitteleuropas (1897-1905),Naumann collection; Carl R. Hennicke (editor),Public domain (historical original; Hamburg b-online PUBLIC DOMAIN archive),"Volume IV, plate 11",adult,draft
Fulica atra,Foulque macroule,Eurasian Coot,rallidae,Rallidae,#343E3D,#3B4543,#3B4543,#505957,#505957,#505957,#46504D,#505957,#414C45,#EAE5CF,#969A6E,#17212C,https://www-archiv.fdm.uni-hamburg.de/b-online/birds/1617_59.htm,Naturgeschichte der Voegel Mitteleuropas (1897-1905),Naumann collection; Carl R. Hennicke (editor),Public domain (historical original; Hamburg b-online PUBLIC DOMAIN archive),"Volume VII, plate 10",adult,draft
Circus aeruginosus,Busard des roseaux,Western Marsh Harrier,accipitridae,Accipitridae,#C2AA7E,#BBA17A,#D1BA8C,#9D7750,#AC8A5C,#755B43,#7D8683,#4F5651,#A0A79D,#666E62,#D5B855,#17212C,https://www-archiv.fdm.uni-hamburg.de/b-online/birds/4274_02.htm,Naturgeschichte der Voegel Mitteleuropas (1897-1905),Naumann collection; Carl R. Hennicke (editor),Public domain (historical original; Hamburg b-online PUBLIC DOMAIN archive),"Volume V, plate 54",adult male,draft
Regulus ignicapilla,Roitelet triple-bandeau,Common Firecrest,regulidae,Regulidae,#D77D2F,#DBDCCA,#E9E7D7,#E0DFC9,#E6E2CC,#8DA260,#687C56,#E6E7D8,#748B58,#3C493E,#796852,#17212C,https://www.gutenberg.org/cache/epub/56397/pg56397-images.html#fig15,Birds of Britain (1907),J. Lewis Bonhote; plates selected by H. E. Dresser from Birds of Europe,Public domain (1907 original; Project Gutenberg),Plate 15,adult male,draft
Ardea alba,Grande Aigrette,Great Egret,ardeidae,Ardeidae,#F5F3E9,#F5F3E9,#F5F3E9,#F5F3E9,#F5F3E9,#F5F3E9,#E5EBE4,#F5F3E9,#F5F3E9,#D7BB54,#595C47,#17212C,https://www-archiv.fdm.uni-hamburg.de/b-online/birds/1617_40.htm,Naturgeschichte der Voegel Mitteleuropas (1897-1905),Naumann collection; Carl R. Hennicke (editor),Public domain (historical original; Hamburg b-online PUBLIC DOMAIN archive),"Volume VI, plate 22",adult nonbreeding; rear bird with yellow bill,draft
Tachybaptus ruficollis,Grèbe castagneux,Little Grebe,podicipedidae,Podicipedidae,#665B45,#B2774C,#A5673E,#8F7960,#C4BDA4,#665B45,#6E674F,#665B45,#6B6049,#6E7754,#88916B,#17212C,https://www-archiv.fdm.uni-hamburg.de/b-online/birds/1613_11.htm,Naturgeschichte der Voegel Mitteleuropas (1897-1905),Naumann collection; Carl R. Hennicke (editor),Public domain (historical original; Hamburg b-online PUBLIC DOMAIN archive),"Volume XII, plate 12",adult breeding,draft
Garrulus glandarius,Geai des chênes,Eurasian Jay,corvidae,Corvidae,#CBB599,#CFB99F,#DBC7AA,#B8977E,#D7C6AA,#B8977E,#605C56,#75AFBF,#4B5251,#6B6C61,#796852,#17212C,https://www.gutenberg.org/cache/epub/56397/pg56397-images.html#fig47,Birds of Britain (1907),J. Lewis Bonhote; plates selected by H. E. Dresser from Birds of Europe,Public domain (1907 original; Project Gutenberg),Plate 47,adult,draft
Dendrocopos major,Pic épeiche,Great Spotted Woodpecker,picidae,Picidae,#1F242C,#F5F3EC,#F5F3EC,#EDE4D2,#D8343A,#1F242C,#1F242C,#F5F3EC,#343A44,#5A616D,#796852,#05080C,https://www.gutenberg.org/cache/epub/56397/pg56397-images.html#fig54,Birds of Britain (1907),J. Lewis Bonhote; plates selected by H. E. Dresser from Birds of Europe,Public domain (1907 original; Project Gutenberg),Plate 54,adult male,draft
Aegithalos caudatus,Orite à longue queue,Long-tailed Tit,aegithalidae,Aegithalidae,#E6DCD0,#EAE6D8,#EAE6D8,#E0D4C9,#D8BFAF,#393B37,#57534B,#D7CABC,#44453F,#494943,#6F625C,#17212C,https://www.gutenberg.org/cache/epub/56397/pg56397-images.html#fig21,Birds of Britain (1907),J. Lewis Bonhote; plates selected by H. E. Dresser from Birds of Europe,Public domain (1907 original; Project Gutenberg),Plate 21,adult; dark head stripe form,draft
Rallus aquaticus,Râle d'eau,Water Rail,rallidae,Rallidae,#8D7754,#949D9A,#ACB3AA,#8E9B9A,#B8BAB0,#8D7754,#77633E,#A58B5C,#77674A,#B2704D,#9F9A70,#17212C,https://www.gutenberg.org/cache/epub/56397/pg56397-images.html#fig77,Birds of Britain (1907),J. Lewis Bonhote; plates selected by H. E. Dresser from Birds of Europe,Public domain (1907 original; Project Gutenberg),Plate 77,adult,draft
Anser anser,Oie cendrée,Greylag Goose,anatidae,Anatidae,#A39A80,#B4A98E,#BDB49B,#C5BBA4,#DFD8C2,#8B8169,#89836F,#D1C9B2,#8B826C,#D6A04F,#C49C79,#17212C,https://www-archiv.fdm.uni-hamburg.de/b-online/birds/1615_16.htm,Naturgeschichte der Voegel Mitteleuropas (1897-1905),Naumann collection; Carl R. Hennicke (editor),Public domain (historical original; Hamburg b-online PUBLIC DOMAIN archive),"Volume IX, plate 22",adult,draft
Alcedo atthis,Martin-pêcheur d'Europe,Common Kingfisher,alcedinidae,Alcedinidae,#1C8FB8,#EC7A3C,#F6F7F2,#EC7A3C,#EC7A3C,#1C8FB8,#1C8FB8,#62E1F0,#15607F,#3B414C,#B66843,#0E1626,https://www.gutenberg.org/cache/epub/56397/pg56397-images.html#fig55,Birds of Britain (1907),J. Lewis Bonhote; plates selected by H. E. Dresser from Birds of Europe,Public domain (1907 original; Project Gutenberg),Plate 55,adult male,draft
Periparus ater,Mésange noire,Coal Tit,paridae,Paridae,#272B31,#F0EBDD,#272B31,#D9D1B9,#D6CCAF,#858A7D,#666B5F,#DFDCC7,#646B62,#484D44,#796852,#17212C,https://www-archiv.fdm.uni-hamburg.de/b-online/birds/2181_50.htm,Naturgeschichte der Voegel Mitteleuropas (1897-1905),Naumann collection; Carl R. Hennicke (editor),Public domain (historical original; Hamburg b-online PUBLIC DOMAIN archive),"Volume II, plate 20",adult,draft
Prunella modularis,Accenteur mouchet,Dunnock,prunellidae,Prunellidae,#8E9696,#929C9C,#A5AEAC,#A5ADAA,#C3BCA2,#8B775A,#756046,#B59B73,#796A53,#5F665B,#796852,#17212C,https://www.gutenberg.org/cache/epub/56397/pg56397-images.html#fig19,Birds of Britain (1907),J. Lewis Bonhote; plates selected by H. E. Dresser from Birds of Europe,Public domain (1907 original; Project Gutenberg),Plate 19,adult,draft
Turdus viscivorus,Grive draine,Mistle Thrush,muscicapidae,Turdidae,#9E957A,#C1BBA4,#E8E3D0,#DDD5B7,#EBE5D0,#9E957A,#8C8068,#CFC7AE,#7E755F,#81784E,#796852,#17212C,https://www.gutenberg.org/cache/epub/56397/pg56397-images.html#fig1,Birds of Britain (1907),J. Lewis Bonhote; plates selected by H. E. Dresser from Birds of Europe,Public domain (1907 original; Project Gutenberg),Plate 1,adult,draft
Serinus serinus,Serin cini,European Serin,fringillidae,Fringillidae,#BEBD69,#C6C270,#D1CE61,#D4CF65,#DED9A0,#8C8D54,#666B49,#C8C079,#72704E,#8B805A,#796852,#17212C,https://www-archiv.fdm.uni-hamburg.de/b-online/birds/2181_89.htm,Naturgeschichte der Voegel Mitteleuropas (1897-1905),Naumann collection; Carl R. Hennicke (editor),Public domain (historical original; Hamburg b-online PUBLIC DOMAIN archive),"Volume III, plate 34",adult male,draft
Anas crecca,Sarcelle d'hiver,Green-winged Teal,anatidae,Anatidae,#8D563B,#365C48,#80583E,#C2B9A0,#D5D5C4,#8B9288,#6D7A66,#477755,#5F6D5C,#6D756B,#827D5C,#17212C,https://www-archiv.fdm.uni-hamburg.de/b-online/birds/1615_32.htm,Naturgeschichte der Voegel Mitteleuropas (1897-1905),Naumann collection; Carl R. Hennicke (editor),Public domain (historical original; Hamburg b-online PUBLIC DOMAIN archive),"Volume X, plate 4",adult male,draft
Milvus milvus,Milan royal,Red Kite,accipitridae,Accipitridae,#ACA99A,#B9B4A0,#C7C0A8,#B48756,#B88A5E,#8E6845,#635540,#A9A088,#B68451,#617060,#D5B752,#17212C,https://www-archiv.fdm.uni-hamburg.de/b-online/birds/2180_75.htm,Naturgeschichte der Voegel Mitteleuropas (1897-1905),Naumann collection; Carl R. Hennicke (editor),Public domain (historical original; Hamburg b-online PUBLIC DOMAIN archive),"Volume V, plate 23",adult,draft
Corvus corone,Corneille noire,Carrion Crow,corvidae,Corvidae,#333E3C,#333E3C,#333E3C,#333E3C,#333E3C,#333E3C,#3A4645,#333E3C,#33413F,#394540,#343F3A,#17212C,https://www-archiv.fdm.uni-hamburg.de/b-online/birds/2180_10.htm,Naturgeschichte der Voegel Mitteleuropas (1897-1905),Naumann collection; Carl R. Hennicke (editor),Public domain (historical original; Hamburg b-online PUBLIC DOMAIN archive),"Volume IV, plate 12",adult all-black carrion crow; left bird,draft
Tadorna tadorna,Tadorne de Belon,Common Shelduck,anatidae,Anatidae,#31544B,#31544B,#31544B,#B77F4B,#F5F3E9,#F5F3E9,#293D39,#53664D,#E8E5D3,#C95E48,#C19C85,#17212C,https://www.gutenberg.org/cache/epub/56397/pg56397-images.html#fig65,Birds of Britain (1907),J. Lewis Bonhote; plates selected by H. E. Dresser from Birds of Europe,Public domain (1907 original; Project Gutenberg),Plate 65,adult male,draft
Phasianus colchicus,Faisan de Colchide,Common Pheasant,phasianidae,Phasianidae,#4D6D63,#BB5540,#476C59,#986238,#795A3C,#9C8156,#A08C6E,#C7B898,#B19C6E,#B4AF89,#A5A487,#17212C,https://www-archiv.fdm.uni-hamburg.de/b-online/birds/1617_36.htm,Naturgeschichte der Voegel Mitteleuropas (1897-1905),Naumann collection; Carl R. Hennicke (editor),Public domain (historical original; Hamburg b-online PUBLIC DOMAIN archive),"Volume VI, plate 18",adult male,draft
Gallinago gallinago,Bécassine des marais,Common Snipe,scolopacidae,Scolopacidae,#5D553B,#C8B781,#D6C595,#B9A779,#E4DEBE,#816B44,#6F6242,#C4B079,#8A7950,#8D886B,#8C9166,#17212C,https://www-archiv.fdm.uni-hamburg.de/b-online/birds/1615_09.htm,Naturgeschichte der Voegel Mitteleuropas (1897-1905),Naumann collection; Carl R. Hennicke (editor),Public domain (historical original; Hamburg b-online PUBLIC DOMAIN archive),"Volume IX, plate 15",adult,draft
Tringa ochropus,Chevalier cul-blanc,Green Sandpiper,scolopacidae,Scolopacidae,#777764,#A7AEA2,#E1E5D7,#C9CEC1,#F5F3E9,#777764,#626656,#999E89,#7B826A,#5F6E59,#829476,#17212C,https://www-archiv.fdm.uni-hamburg.de/b-online/birds/1617_95.htm,Naturgeschichte der Voegel Mitteleuropas (1897-1905),Naumann collection; Carl R. Hennicke (editor),Public domain (historical original; Hamburg b-online PUBLIC DOMAIN archive),"Volume IX, plate 1",adult,draft
Ardea ibis,Héron garde-boeufs,Western Cattle Egret,ardeidae,Ardeidae,#BF9258,#F5F3E9,#F5F3E9,#D4AD81,#F5F3E9,#C89567,#E4E1CA,#E4E1CA,#F5F3E9,#D0B84F,#8C9857,#17212C,https://archive.org/details/historyofbirdsof16dres/page/n333/mode/1up,"A History of the Birds of Europe, volume VI (1871-1881)",H. E. Dresser; J. G. Keulemans (lithographer),Public domain (19th-century original),"Plate 400, figure 1; Ardea bubulcus",adult breeding; figure 1 buff-backed heron,draft
Cygnus olor,Cygne tuberculé,Mute Swan,anatidae,Anatidae,#F5F3E9,#F5F3E9,#F5F3E9,#F5F3E9,#F5F3E9,#F5F3E9,#E9E7D8,#F5F3E9,#F5F3E9,#CF9E58,#5B5F4D,#17212C,https://www-archiv.fdm.uni-hamburg.de/b-online/birds/1615_12.htm,Naturgeschichte der Voegel Mitteleuropas (1897-1905),Naumann collection; Carl R. Hennicke (editor),Public domain (historical original; Hamburg b-online PUBLIC DOMAIN archive),"Volume IX, plate 18",adult,draft
Emberiza schoeniclus,Bruant des roseaux,Common Reed Bunting,emberizidae,Emberizidae,#30392E,#30392E,#30392E,#E3DDC3,#EBE3CA,#9F865C,#766043,#C0A373,#71664C,#64634C,#796852,#17212C,https://www-archiv.fdm.uni-hamburg.de/b-online/birds/2181_80.htm,Naturgeschichte der Voegel Mitteleuropas (1897-1905),Naumann collection; Carl R. Hennicke (editor),Public domain (historical original; Hamburg b-online PUBLIC DOMAIN archive),"Volume III, plate 25",adult male,draft
Passer montanus,Moineau friquet,Eurasian Tree Sparrow,passeridae,Passeridae,#A67A53,#ECE5D2,#272B31,#D5CCB6,#E1D8C3,#9E8159,#756549,#DED3B5,#7C6F50,#676B61,#796852,#17212C,https://www.gutenberg.org/cache/epub/56397/pg56397-images.html#fig37,Birds of Britain (1907),J. Lewis Bonhote; plates selected by H. E. Dresser from Birds of Europe,Public domain (1907 original; Project Gutenberg),Plate 37,adult,draft
Aythya ferina,Fuligule milouin,Common Pochard,anatidae,Anatidae,#A5764B,#A5764B,#A5764B,#313E3C,#AEB7B2,#A0AEA8,#84928C,#AEB7B2,#505E53,#8C9D9A,#84937E,#17212C,https://www-archiv.fdm.uni-hamburg.de/b-online/birds/1615_38.htm,Naturgeschichte der Voegel Mitteleuropas (1897-1905),Naumann collection; Carl R. Hennicke (editor),Public domain (historical original; Hamburg b-online PUBLIC DOMAIN archive),"Volume X, plate 10",adult male,draft
Emberiza calandra,Bruant proyer,Corn Bunting,emberizidae,Emberizidae,#A49B79,#C6BE9C,#E1D9B8,#D0C5A0,#E0D5B0,#A49B79,#877958,#C5B78E,#837758,#B7AC83,#796852,#17212C,https://www-archiv.fdm.uni-hamburg.de/b-online/birds/2181_74.htm,Naturgeschichte der Voegel Mitteleuropas (1897-1905),Naumann collection; Carl R. Hennicke (editor),Public domain (historical original; Hamburg b-online PUBLIC DOMAIN archive),"Volume III, plate 19",adult,draft
Tyto alba,Effraie des clochers,Western Barn Owl,strigidae,Tytonidae,#C6AE82,#F0E6CA,#F0E6CA,#EADAB7,#E9DDC3,#A89774,#B5A17B,#DDCBA5,#C6B48B,#C9BC97,#796852,#25251F,https://www.gutenberg.org/cache/epub/56397/pg56397-images.html#fig57,Birds of Britain (1907),J. Lewis Bonhote; plates selected by H. E. Dresser from Birds of Europe,Public domain (1907 original; Project Gutenberg),Plate 57,adult pale-breasted form,draft
Spatula clypeata,Canard souchet,Northern Shoveler,anatidae,Anatidae,#376454,#376454,#376454,#F5F3E9,#A76D41,#4B5547,#7F969B,#4F816C,#515B4B,#434F46,#CF9D43,#17212C,https://www.gutenberg.org/cache/epub/56397/pg56397-images.html#fig67,Birds of Britain (1907),J. Lewis Bonhote; plates selected by H. E. Dresser from Birds of Europe,Public domain (1907 original; Project Gutenberg),Plate 67,adult male,draft
Loxia curvirostra,Bec-croisé des sapins,Red Crossbill,fringillidae,Fringillidae,#B57E56,#B57E56,#C18B64,#BF8057,#C49C73,#B77652,#6C6953,#8B8568,#68664F,#8C896B,#796852,#17212C,https://www.gutenberg.org/cache/epub/56397/pg56397-images.html#fig42,Birds of Britain (1907),J. Lewis Bonhote; plates selected by H. E. Dresser from Birds of Europe,Public domain (1907 original; Project Gutenberg),Plate 42,adult male,draft
Athene noctua,Chevêche d'Athéna,Little Owl,strigidae,Strigidae,#9E8D62,#D3C7A0,#E0D7BA,#CBBF99,#DBD0AE,#9E8D62,#8B7850,#D7C99F,#8A7751,#B2AF80,#B8AC88,#17212C,https://www-archiv.fdm.uni-hamburg.de/b-online/birds/2180_54.htm,Naturgeschichte der Voegel Mitteleuropas (1897-1905),Naumann collection; Carl R. Hennicke (editor),Public domain (historical original; Hamburg b-online PUBLIC DOMAIN archive),"Volume V, plate 2",adult,draft
Ichthyaetus melanocephalus,Mouette mélanocéphale,Mediterranean Gull,laridae,Laridae,#273A36,#273A36,#273A36,#F5F3E9,#F5F3E9,#B8C3BC,#C8D0C5,#F5F3E9,#F5F3E9,#B85D44,#B87459,#17212C,https://www-archiv.fdm.uni-hamburg.de/b-online/birds/1615_75.htm,Naturgeschichte der Voegel Mitteleuropas (1897-1905),Naumann collection; Carl R. Hennicke (editor),Public domain (historical original; Hamburg b-online PUBLIC DOMAIN archive),"Volume XI, plate 18",adult breeding,draft
Podiceps nigricollis,Grèbe à cou noir,Black-necked Grebe,podicipedidae,Podicipedidae,#29392E,#C59B4A,#29392E,#594E3B,#A68C5B,#454B3E,#605C42,#605C42,#454B3E,#596B4E,#7C8A5D,#17212C,https://www-archiv.fdm.uni-hamburg.de/b-online/birds/1613_10.htm,Naturgeschichte der Voegel Mitteleuropas (1897-1905),Naumann collection; Carl R. Hennicke (editor),Public domain (historical original; Hamburg b-online PUBLIC DOMAIN archive),"Volume XII, plate 11",adult breeding,draft
Sitta europaea,Sittelle torchepot,Eurasian Nuthatch,sittidae,Sittidae,#899EA4,#C8C7B3,#ECE2C7,#D0B48A,#BE976C,#899EA4,#718C93,#98ABAA,#71858B,#657B7D,#796852,#17212C,https://www.gutenberg.org/cache/epub/56397/pg56397-images.html#fig24,Birds of Britain (1907),J. Lewis Bonhote; plates selected by H. E. Dresser from Birds of Europe,Public domain (1907 original; Project Gutenberg),Plate 24,adult,draft
Numenius arquata,Courlis cendré,Eurasian Curlew,scolopacidae,Scolopacidae,#AA9C79,#C3BB9A,#DDD7BD,#C9BD97,#DFD6B7,#AA9C79,#897957,#BFB38D,#9B8F6B,#8F8062,#97A18B,#17212C,https://www.gutenberg.org/cache/epub/56397/pg56397-images.html#fig88,Birds of Britain (1907),J. Lewis Bonhote; plates selected by H. E. Dresser from Birds of Europe,Public domain (1907 original; Project Gutenberg),Plate 88,adult,draft
Strix aluco,Chouette hulotte,Tawny Owl,strigidae,Strigidae,#9A6843,#D2AE82,#D2AE82,#9A6843,#C49A6C,#9A6843,#6E4A2E,#E3CBA0,#6A4630,#E6D29C,#796852,#1A120E,https://www.gutenberg.org/cache/epub/56397/pg56397-images.html#fig59,Birds of Britain (1907),J. Lewis Bonhote; plates selected by H. E. Dresser from Birds of Europe,Public domain (1907 original; Project Gutenberg),Plate 59,adult rufous morph,draft
Picus viridis,Pic vert,European Green Woodpecker,picidae,Picidae,#B64C3A,#C7C6A1,#D6D3AE,#BFBE8C,#CECB94,#7F9C62,#71885B,#A6B481,#6B8053,#7E8B74,#859079,#17212C,https://www-archiv.fdm.uni-hamburg.de/b-online/birds/2180_27.htm,Naturgeschichte der Voegel Mitteleuropas (1897-1905),Naumann collection; Carl R. Hennicke (editor),Public domain (historical original; Hamburg b-online PUBLIC DOMAIN archive),"Volume IV, plate 29",adult male,draft
Mareca strepera,Canard chipeau,Gadwall,anatidae,Anatidae,#9B9A7B,#A5A384,#B7B397,#A29D80,#E0DBC2,#817D60,#8E8B72,#F5F3E9,#323D31,#5A6351,#BAA261,#17212C,https://www-archiv.fdm.uni-hamburg.de/b-online/birds/1615_31.htm,Naturgeschichte der Voegel Mitteleuropas (1897-1905),Naumann collection; Carl R. Hennicke (editor),Public domain (historical original; Hamburg b-online PUBLIC DOMAIN archive),"Volume X, plate 3",adult male,draft
Lullula arborea,Alouette lulu,Woodlark,alaudidae,Alaudidae,#A08B60,#CBB78C,#E4D8B6,#D7C49B,#E8DFC1,#A08B60,#7C6A47,#BEAB80,#7C704E,#A3946F,#796852,#17212C,https://www-archiv.fdm.uni-hamburg.de/b-online/birds/2181_57.htm,Naturgeschichte der Voegel Mitteleuropas (1897-1905),Naumann collection; Carl R. Hennicke (editor),Public domain (historical original; Hamburg b-online PUBLIC DOMAIN archive),"Volume III, plate 2",adult,draft
Spinus spinus,Tarin des aulnes,Eurasian Siskin,fringillidae,Fringillidae,#344A31,#C0C56C,#474F2F,#C9CE71,#E1DBA7,#929B55,#4F5D3B,#D4D06B,#4F5F3E,#B4AD7E,#796852,#17212C,https://www-archiv.fdm.uni-hamburg.de/b-online/birds/2181_90.htm,Naturgeschichte der Voegel Mitteleuropas (1897-1905),Naumann collection; Carl R. Hennicke (editor),Public domain (historical original; Hamburg b-online PUBLIC DOMAIN archive),"Volume III, plate 35",adult male,draft
Coccothraustes coccothraustes,Gros-bec casse-noyaux,Hawfinch,fringillidae,Fringillidae,#B4946C,#C7A580,#343F3B,#D5B59A,#DEC3AB,#896B4D,#394A4C,#E2DBC5,#73634C,#80989A,#796852,#17212C,https://www-archiv.fdm.uni-hamburg.de/b-online/birds/2181_88.htm,Naturgeschichte der Voegel Mitteleuropas (1897-1905),Naumann collection; Carl R. Hennicke (editor),Public domain (historical original; Hamburg b-online PUBLIC DOMAIN archive),"Volume III, plate 33",adult male,draft
Pandion haliaetus,Balbuzard pêcheur,Osprey,accipitridae,Pandionidae,#E8E2C9,#7B7861,#F5F3E9,#E0D6B6,#F5F3E9,#726C51,#5C5F4B,#8F927D,#6E7057,#5B7266,#A6B8A3,#17212C,https://www-archiv.fdm.uni-hamburg.de/b-online/birds/2180_79.htm,Naturgeschichte der Voegel Mitteleuropas (1897-1905),Naumann collection; Carl R. Hennicke (editor),Public domain (historical original; Hamburg b-online PUBLIC DOMAIN archive),"Volume V, plate 27",adult,draft
Asio otus,Hibou moyen-duc,Long-eared Owl,strigidae,Strigidae,#8F7952,#D1B889,#D8C69E,#D5BE90,#DDCCA3,#8F7650,#8A7450,#CBB78D,#A28D62,#6A6C53,#C8BA96,#17212C,https://www.gutenberg.org/cache/epub/56397/pg56397-images.html#fig58,Birds of Britain (1907),J. Lewis Bonhote; plates selected by H. E. Dresser from Birds of Europe,Public domain (1907 original; Project Gutenberg),Plate 58,adult,draft
Aythya fuligula,Fuligule morillon,Tufted Duck,anatidae,Anatidae,#303F3A,#303F3A,#303F3A,#303F3A,#E4E7D7,#303F3A,#48584F,#BCC9B7,#344A3C,#8EA599,#889E8A,#17212C,https://www.gutenberg.org/cache/epub/56397/pg56397-images.html#fig69,Birds of Britain (1907),J. Lewis Bonhote; plates selected by H. E. Dresser from Birds of Europe,Public domain (1907 original; Project Gutenberg),Plate 69,adult male,draft
Ciconia ciconia,Cigogne blanche,White Stork,ciconiidae,Ciconiidae,#F5F3E9,#F5F3E9,#F5F3E9,#F5F3E9,#F5F3E9,#F5F3E9,#34403C,#34403C,#F5F3E9,#BF7357,#B26C51,#17212C,https://www-archiv.fdm.uni-hamburg.de/b-online/birds/1617_47.htm,Naturgeschichte der Voegel Mitteleuropas (1897-1905),Naumann collection; Carl R. Hennicke (editor),Public domain (historical original; Hamburg b-online PUBLIC DOMAIN archive),"Volume VI, plate 30",adult,draft
Columba oenas,Pigeon colombin,Stock Dove,columbidae,Columbidae,#94A2A8,#94A2A8,#708D7D,#A19A9C,#B3BABC,#94A2A8,#778D99,#4D6670,#6D838B,#B2A17E,#B18C89,#17212C,https://www.gutenberg.org/cache/epub/56397/pg56397-images.html#fig72,Birds of Britain (1907),J. Lewis Bonhote; plates selected by H. E. Dresser from Birds of Europe,Public domain (1907 original; Project Gutenberg),Plate 72,adult,draft
Emberiza cirlus,Bruant zizi,Cirl Bunting,emberizidae,Emberizidae,#9EAA6A,#D0C16A,#3C4532,#A5AE77,#D8CB78,#A08459,#7B6C49,#B9A773,#706C4E,#919472,#796852,#17212C,https://www.gutenberg.org/cache/epub/56397/pg56397-images.html#fig44,Birds of Britain (1907),J. Lewis Bonhote; plates selected by H. E. Dresser from Birds of Europe,Public domain (1907 original; Project Gutenberg),Plate 44,adult male,draft
Circus cyaneus,Busard Saint-Martin,Hen Harrier,accipitridae,Accipitridae,#9CACAD,#B2BEBA,#C4CECA,#CACFC5,#E6E4D4,#9CACAD,#7F9194,#455E5C,#ABB9B4,#71877A,#C3B55C,#17212C,https://www-archiv.fdm.uni-hamburg.de/b-online/birds/1617_09.htm,Naturgeschichte der Voegel Mitteleuropas (1897-1905),Naumann collection; Carl R. Hennicke (editor),Public domain (historical original; Hamburg b-online PUBLIC DOMAIN archive),"Volume V, plate 57",adult male,draft
Emberiza citrinella,Bruant jaune,Yellowhammer,emberizidae,Emberizidae,#D1B94F,#D5BC55,#DECB67,#C6AE64,#DECF80,#A79154,#7E7045,#C8B369,#867B50,#9C9670,#796852,#17212C,https://www.gutenberg.org/cache/epub/56397/pg56397-images.html#fig43,Birds of Britain (1907),J. Lewis Bonhote; plates selected by H. E. Dresser from Birds of Europe,Public domain (1907 original; Project Gutenberg),Plate 43,adult male,draft
Calidris alpina,Bécasseau variable,Dunlin,scolopacidae,Scolopacidae,#B79B6A,#DBD2B4,#E4DDC4,#D3C7A7,#333E38,#A5824A,#83704B,#C4BA96,#756F55,#4E5D52,#63745F,#17212C,https://www.gutenberg.org/cache/epub/56397/pg56397-images.html#fig86,Birds of Britain (1907),J. Lewis Bonhote; plates selected by H. E. Dresser from Birds of Europe,Public domain (1907 original; Project Gutenberg),Plate 86,adult summer,draft
Tringa totanus,Chevalier gambette,Common Redshank,scolopacidae,Scolopacidae,#9F9778,#C1BDA1,#DFDECA,#D1CDB1,#E5E2CC,#9F9778,#817856,#C4B68F,#8D896B,#AA8660,#C49B61,#17212C,https://www.gutenberg.org/cache/epub/56397/pg56397-images.html#fig87,Birds of Britain (1907),J. Lewis Bonhote; plates selected by H. E. Dresser from Birds of Europe,Public domain (1907 original; Project Gutenberg),Plate 87,adult summer,draft
Pyrrhula pyrrhula,Bouvreuil pivoine,Eurasian Bullfinch,fringillidae,Fringillidae,#293A3A,#C88B7A,#343E3B,#CD8C77,#D2A28C,#9FAEAF,#3D5357,#D9DBCB,#374F52,#485A58,#796852,#17212C,https://www.gutenberg.org/cache/epub/56397/pg56397-images.html#fig41,Birds of Britain (1907),J. Lewis Bonhote; plates selected by H. E. Dresser from Birds of Europe,Public domain (1907 original; Project Gutenberg),Plate 41,adult male,draft
Astur gentilis,Autour des palombes,Eurasian Goshawk,accipitridae,Accipitridae,#6C7F7E,#BFC8B9,#DADEC8,#C8D0B9,#D5D7BF,#8C9997,#6D8382,#96A49A,#849991,#6E8372,#C7B768,#17212C,https://www-archiv.fdm.uni-hamburg.de/b-online/birds/1617_06.htm,Naturgeschichte der Voegel Mitteleuropas (1897-1905),Naumann collection; Carl R. Hennicke (editor),Public domain (historical original; Hamburg b-online PUBLIC DOMAIN archive),"Volume V, plate 54",adult,draft
Upupa epops,Huppe fasciée,Common Hoopoe,upupidae,Upupidae,#E3A07A,#E3A07A,#E3A07A,#E3A07A,#F0CDAE,#E3A07A,#1E2126,#F6F2EA,#343A44,#343A44,#796852,#13233A,https://www-archiv.fdm.uni-hamburg.de/b-online/birds/2180_39.htm,Naturgeschichte der Voegel Mitteleuropas (1897-1905),Naumann collection; Carl R. Hennicke (editor),Public domain (historical original; Hamburg b-online PUBLIC DOMAIN archive),"Volume IV, plate 41",adult,draft
Tringa nebularia,Chevalier aboyeur,Common Greenshank,scolopacidae,Scolopacidae,#A7AF9C,#CED5BF,#EBEEDC,#D8DEC6,#F0F0DF,#8E9983,#78876D,#C4CBB3,#B0B9A1,#778772,#A8B38B,#17212C,https://www-archiv.fdm.uni-hamburg.de/b-online/birds/1615_01.htm,Naturgeschichte der Voegel Mitteleuropas (1897-1905),Naumann collection; Carl R. Hennicke (editor),Public domain (historical original; Hamburg b-online PUBLIC DOMAIN archive),"Volume IX, plate 7",adult breeding,draft
Oriolus oriolus,Loriot d'Europe,Eurasian Golden Oriole,oriolidae,Oriolidae,#F4C542,#F4C542,#F4C542,#F4C542,#F4C542,#F4C542,#1E2126,#F4C542,#2F343C,#E07F87,#6F7462,#5A1A20,https://www-archiv.fdm.uni-hamburg.de/b-online/birds/2180_03.htm,Naturgeschichte der Voegel Mitteleuropas (1897-1905),Naumann collection; Carl R. Hennicke (editor),Public domain (historical original; Hamburg b-online PUBLIC DOMAIN archive),"Volume IV, plate 5",adult male,draft
